ARTIST,AVG RANK,# OF FESTS,,COACHELLA,JAZZFEST,SUNFEST,SHAKYKNEES,HANGOUT,BOSCALLING,BUNBURY,GOVBALL,BONNAROO,FIREFLY,FORECASTLE,PITCHFORK,LOLLA,OUTSIDELDS,BUMBERSHT,ACL,OSHEAGA,SASQUATCH
START DATE,,,,4/10/2015,4/24/2015,4/29/2015,5/8/2015,5/15/2015,5/22/2015,6/5/2015,6/5/2015,6/11/2015,6/18/2015,7/17/2015,7/17/2015,7/31/2015,8/7/2015,8/29/2015,10/2/2015,7/31/2015,
My Morning Jacket,4.6,5,,,,,,5,3,,6,7,,2,,,,,,,
Tame Impala,7,5,,2,,,8,,6,6,13,,,,,,,,,,
Run The Jewels,18.6,5,,16,,,,,15,,,33,22,,7,,,,,,
Odesza,28.6,5,,13,,,,23,,,35,45,27,,,,,,,,
Sturgill Simpson,31.4,5,,41,,,,,,,30,37,31,18,,,,,,,
Vance Joy,23.25,4,,25,,,,21,10,,37,,,,,,,,,,
Mac DeMarco,31.25,4,,24,,,40,,,,,50,,,11,,,,,,
Jungle,35.25,4,,24,,,,,18,,,59,40,,,,,,,,
Royal Blood,37.75,4,,28,,,,,,17,38,68,,,,,,,,,
MØ,40.75,4,,47,,,,,19,,40,57,,,,,,,,,
Benjamin Booker,50,4,,49,,,,,,,50,60,41,,,,,,,,
Florence + the Machine,3.666666667,3,,2,,,,,,,4,5,,,,,,,,,
Ryan Adams,6,3,,4,,,6,,,,8,,,,,,,,,,
Brand New,7.666666667,3,,9,,,10,,,4,,,,,,,,,,,
St. Vincent,9.333333333,3,,6,,,,,7,,15,,,,,,,,,,
Hozier,10,3,,7,,,,,,,,12,11,,,,,,,,
TV On The Radio,11,3,,,,,14,11,8,,,,,,,,,,,,
Spoon,13,3,,,,,,8,,,,16,15,,,,,,,,
Marina and the Diamonds,15,3,,7,,,,,9,,29,,,,,,,,,,
War on Drugs,15.66666667,3,,14,,,,,,,16,17,,,,,,,,,
Caribou,16.66666667,3,,15,,,,,,,,27,,,8,,,,,,
Atmosphere,17.33333333,3,,,,,,,,10,22,20,,,,,,,,,
Future Islands,17.33333333,3,,,,,,20,,,28,,,,4,,,,,,
Father John Misty,17.66666667,3,,13,,,,24,,16,,,,,,,,,,,
Flying Lotus,18,3,,10,,,,,,,19,25,,,,,,,,,
Panda Bear,19,3,,23,,,25,,,,,,,,9,,,,,,
SBTRKT,19,3,,10,,,,,,,18,29,,,,,,,,,
Cold War Kids,19.66666667,3,,,,,,19,,,,,24,16,,,,,,,
Manchester Orchestra,20.33333333,3,,,,,16,,,13,,,32,,,,,,,,
Tove Lo,24.66666667,3,,,,,,,13,,,32,29,,,,,,,,
Lone Bellow,25,3,,,,,,34,16,,,,,25,,,,,,,
Jamie xx,25.66666667,3,,20,,,,,,,,43,,,14,,,,,,
Kiesza,28.33333333,3,,21,,,,,,,41,,,23,,,,,,,
Tycho,32.66666667,3,,17,,,,,,,,51,30,,,,,,,,
Sylvan Esso,34.33333333,3,,25,,,,,,,,40,38,,,,,,,,
Houndmouth,36,3,,,,,,41,,,,61,,6,,,,,,,
Clean Bandit,36.66666667,3,,26,,,,,,,45,,39,,,,,,,,
Gramatik,41.33333333,3,,35,,,,33,,,,56,,,,,,,,,
Glass Animals,46,3,,27,,,,,,,,63,48,,,,,,,,
Grizfolk,53,3,,,,,,49,20,,,,90,,,,,,,,
DMA's,57.66666667,3,,,,,,,21,,65,87,,,,,,,,,
Ryn Weaver,59.33333333,3,,56,,,,,,,,76,46,,,,,,,,
Strand of Oaks,61,3,,,,,,48,,,54,81,,,,,,,,,
Rustie,61.33333333,3,,,,,,,,,52,75,57,,,,,,,,
Zella Day,61.33333333,3,,,,,55,59,,,,,70,,,,,,,,
Halsey,62.33333333,3,,,,,64,57,,,,,66,,,,,,,,
Knox Hamilton,63.66666667,3,,,,,,58,,,,,87,46,,,,,,,
Phox,63.66666667,3,,44,,,,,,,,82,65,,,,,,,,
Drake,1,2,,1,,,,,,,1,,,,,,,,,,
Black Keys,1.5,2,,,,,,,,1,2,,,,,,,,,,
Avett Brothers,2,2,,,,,2,,,2,,,,,,,,,,,
Beck,2,2,,,,,,3,1,,,,,,,,,,,,
Wilco,2,2,,,,,3,,,,,,,,1,,,,,,
Deadmau5,3,2,,,,,,,,,3,3,,,,,,,,,
Pixies,3,2,,,,,4,,2,,,,,,,,,,,,
Snoop Dogg,4,2,,,,,,,,3,,,5,,,,,,,,
Foster The People,6,2,,,,,,6,,,,,6,,,,,,,,
Modest Mouse,6,2,,,,,,,,,,,8,4,,,,,,,
Alabama Shakes,7.5,2,,6,,,,,,,,9,,,,,,,,,
Interpol,8,2,,3,,,13,,,,,,,,,,,,,,
Noel Gallagher's High Flying Birds,8.5,2,,,,,7,,,,10,,,,,,,,,,
Ben Harper & The Innocent Criminals,9,2,,,,,,,4,,,14,,,,,,,,,
Decemberists,9.5,2,,,,,,,,7,12,,,,,,,,,,
Old Crow Medicine Show,9.5,2,,,,,11,,,8,,,,,,,,,,,
Belle & Sebastian,10,2,,5,,,,,,,,15,,,,,,,,,
Ratatat,10,2,,6,,,,,,,14,,,,,,,,,,
Cage The Elephant,10.5,2,,,,,,,,,,,16,5,,,,,,,
Flume,11,2,,,,,,,,,11,11,,,,,,,,,
Todd Terje & The Olsens,13,2,,16,,,,,,,,,,,10,,,,,,
Twenty One Pilots,14.5,2,,,,,,,,5,,24,,,,,,,,,
Desaparecidos,15.5,2,,19,,,,,,,,,,12,,,,,,,
Chet Faker,16,2,,18,,,,,14,,,,,,,,,,,,
Jenny Lewis,16,2,,18,,,,14,,,,,,,,,,,,,
Kygo,16,2,,12,,,,,,,,,20,,,,,,,,
Matt & Kim,16,2,,,,,,,,11,,,21,,,,,,,,
Walk The Moon,16,2,,,,,,,,9,,,23,,,,,,,,
Dirty Heads,20,2,,,,,,15,,,,,25,,,,,,,,
Milky Chance,20,2,,22,,,18,,,,,,,,,,,,,,
Death From Above 1979,22.5,2,,,,,19,,,,26,,,,,,,,,,
Reverend Horton Heat,22.5,2,,24,,,,,,21,,,,,,,,,,,
Gary Clark Jr.,23.5,2,,,,,,,,,,28,19,,,,,,,,
Parquet Courts,23.5,2,,34,,,,,,,,,,,13,,,,,,
Angus & Julia Stone,24.5,2,,17,,,,,,,32,,,,,,,,,,
Devil Makes Three,25,2,,,,,30,,,20,,,,,,,,,,,
Sharon Van Etten,25,2,,,,,,,17,,33,,,,,,,,,,
Kooks,26,2,,,,,34,,,,,,18,,,,,,,,
Vic Mensa,26,2,,27,,,,,,,,,,,25,,,,,,
Charli XCX,26.5,2,,,,,,,,,27,,26,,,,,,,,
Toro y Moi,27,2,,23,,,,31,,,,,,,,,,,,,
St. Lucia,29.5,2,,30,,,,29,,,,,,,,,,,,,
Bleachers,31,2,,,,,,,,14,,48,,,,,,,,,
Trampled By Turtles,31,2,,,,,,26,,,,36,,,,,,,,,
Built To Spill,31.5,2,,26,,,37,,,,,,,,,,,,,,
St. Paul and the Broken Bones,32,2,,45,,,,,,,,,,19,,,,,,,
Gorgon City,33,2,,23,,,,,,,43,,,,,,,,,,
Freddie Gibbs & Madlib,35,2,,,,,,,,,,53,,,17,,,,,,
Frank Turner & The Sleeping Souls,35.5,2,,,,,33,38,,,,,,,,,,,,,
Xavier Rudd,35.5,2,,,,,29,42,,,,,,,,,,,,,
San Fermin,36,2,,,,,,50,,,,,,22,,,,,,,
Charles Bradley,36.5,2,,33,,,,40,,,,,,,,,,,,,
Shakey Graves,36.5,2,,,,,,,,19,,54,,,,,,,,,
Kaytranada,38,2,,28,,,,,,,48,,,,,,,,,,
Moon Taxi,38.5,2,,,,,,,,,39,38,,,,,,,,,
People Under the Stairs,38.5,2,,,,,,,,,51,,,26,,,,,,,
Jamestown Revival,39,2,,52,,,,,,26,,,,,,,,,,,
Perfume Genius,39,2,,51,,,,,,,,,,,27,,,,,,
Preservation Hall Jazz Band,39,2,,,,,46,32,,,,,,,,,,,,,
Andrew McMahon in the Wilderness,39.5,2,,42,,,,,,,,,37,,,,,,,,
Rudimental ,40,2,,,,,,,,,31,49,,,,,,,,,
Alison Wonderland,40.5,2,,29,,,,,,,,,52,,,,,,,,
Courtney Barnett,41,2,,,,,,,,,,66,,,16,,,,,,
How To Dress Well,41,2,,,,,,,,,,,51,,31,,,,,,
Logic,41,2,,,,,,,,,49,,33,,,,,,,,
Speedy Ortiz,42.5,2,,,,,52,,,,,,,33,,,,,,,
Temples,44,2,,,,,,,,15,,73,,,,,,,,,
J. Roddy Walston & The Business,44.5,2,,,,,,45,,,44,,,,,,,,,,
Mowglis,46,2,,,,,45,47,,,,,,,,,,,,,
Iceage,47.5,2,,,,,,,,,,72,,,23,,,,,,
Field Report,49,2,,,,,66,,,,,,,32,,,,,,,
Haerts,49,2,,36,,,,62,,,,,,,,,,,,,
Echosmith,49.5,2,,,,,,,,,56,,43,,,,,,,,
Cathedrals,50.5,2,,,,,,,,,,,62,39,,,,,,,
Milo Greene,51,2,,,,,,,,,,,72,30,,,,,,,
Viet Cong,51,2,,,,,63,,,,,,,,39,,,,,,
Steve Gunn,51.5,2,,,,,65,,,,,,,,38,,,,,,
Bad Suns,54.5,2,,53,,,,,,,,,56,,,,,,,,
Fences,54.5,2,,,,,54,,,,,,55,,,,,,,,
Catfish & The Bottlemen,56,2,,,,,,,,24,,88,,,,,,,,,
Twin Peaks,58.5,2,,,,,,,,,,,79,38,,,,,,,
Jessica Hernandez & The Deltas,59,2,,,,,,,,23,,95,,,,,,,,,
Bahamas,66.5,2,,,,,,,,,,80,53,,,,,,,,
Priory,67,2,,,,,,,,,55,79,,,,,,,,,
Colony House,67.5,2,,,,,,52,,,,,83,,,,,,,,
Night Terrors of 1927,67.5,2,,54,,,,,,,,,81,,,,,,,,
Districts,72,2,,,,,,,,,59,85,,,,,,,,,
AC/DC,1,1,,1,,,,,,,,,,,,,,,,,
Billy Joel,1,1,,,,,,,,,,1,,,,,,,,,
Foo Fighters,1,1,,,,,,1,,,,,,,,,,,,,
Jack White,1,1,,1,,,,,,,,,,,,,,,,,
Paul McCartney,1,1,,,,,,,,,,,1,,,,,,,,
Strokes,1,1,,,,,1,,,,,,,,,,,,,,
Kings of Leon,2,1,,,,,,,,,,,2,,,,,,,,
Mumford & Sons,2,1,,,,,,,,,,2,,,,,,,,,
Weeknd,2,1,,2,,,,,,,,,,,,,,,,,
Zac Brown Band,2,1,,,,,,2,,,,,,,,,,,,,
Axwell /\ Ingrosso,3,1,,3,,,,,,,,,,,,,,,,,
Kaskade,3,1,,3,,,,,,,,,,,,,,,,,
Killers,3,1,,,,,,,,,,,3,,,,,,,,
alt-J,4,1,,4,,,,,,,,,,,,,,,,,
Kendrick Lamar,4,1,,,,,,,,,,4,,,,,,,,,
Morrissey,4,1,,,,,,,,,,,4,,,,,,,,
Skrillex,4,1,,,,,,4,,,,,,,,,,,,,
Steely Dan,4,1,,4,,,,,,,,,,,,,,,,,
Alesso,5,1,,5,,,,,,,,,,,,,,,,,
David Guetta,5,1,,5,,,,,,,,,,,,,,,,,
Lana Del Rey,5,1,,,,,,,,,5,,,,,,,,,,
Social Distortion,5,1,,,,,5,,,,,,,,,,,,,,
Tenacious D,5,1,,,,,,,5,,,,,,,,,,,,
Robert Plant & the Sensational Space-Shifters,6,1,,,,,,,,,,6,,,,,,,,,
Bjork,7,1,,,,,,,,,7,,,,,,,,,,
Paramore,7,1,,,,,,7,,,,,,,,,,,,,
Ride,7,1,,7,,,,,,,,,,,,,,,,,
Zedd,7,1,,,,,,,,,,,7,,,,,,,,
Bassnectar,8,1,,,,,,,,,,8,,,,,,,,,
Fitz and the Tantrums,8,1,,8,,,,,,,,,,,,,,,,,
Flosstradamus,8,1,,8,,,,,,,,,,,,,,,,,
Nero,8,1,,8,,,,,,,,,,,,,,,,,
Azealia Banks,9,1,,9,,,,,,,,,,,,,,,,,
Bad Religion,9,1,,9,,,,,,,,,,,,,,,,,
Bastille,9,1,,,,,,,,,,,9,,,,,,,,
Chromeo,9,1,,,,,,,,,9,,,,,,,,,,
Mastodon,9,1,,,,,9,,,,,,,,,,,,,,
Umphrey's McGee,9,1,,,,,,9,,,,,,,,,,,,,
Childish Gambino,10,1,,,,,,,,,,10,,,,,,,,,
Empire of the Sun,10,1,,,,,,,,,,,10,,,,,,,,
Madeon,10,1,,10,,,,,,,,,,,,,,,,,
Major Lazer,10,1,,,,,,10,,,,,,,,,,,,,
FKA Twigs,11,1,,11,,,,,,,,,,,,,,,,,
Jason Isbell,11,1,,,,,,,11,,,,,,,,,,,,
Raekwon & Ghostface Killah,11,1,,11,,,,,,,,,,,,,,,,,
Stromae,11,1,,11,,,,,,,,,,,,,,,,,
Gerard Way,12,1,,,,,,,12,,,,,,,,,,,,
Kid Cudi,12,1,,,,,,,,,,,12,,,,,,,,
Lindsey Stirling,12,1,,,,,,,,12,,,,,,,,,,,
Lykke Li,12,1,,12,,,,,,,,,,,,,,,,,
Neutral Milk Hotel,12,1,,,,,12,,,,,,,,,,,,,,
Phantogram,12,1,,,,,,12,,,,,,,,,,,,,
Tyler the Creator,12,1,,12,,,,,,,,,,,,,,,,,
"Damian ""Jr. Gong"" Marley",13,1,,,,,,13,,,,,,,,,,,,,
DJ Snake,13,1,,13,,,,,,,,,,,,,,,,,
Slayer,13,1,,,,,,,,,,13,,,,,,,,,
Steve Aoki,13,1,,,,,,,,,,,13,,,,,,,,
Gesaffelstein,14,1,,14,,,,,,,,,,,,,,,,,
Porter Robinson,14,1,,14,,,,,,,,,,,,,,,,,
Sublime With Rome,14,1,,,,,,,,,,,14,,,,,,,,
Deorro,15,1,,15,,,,,,,,,,,,,,,,,
James Blake,15,1,,,,,15,,,,,,,,,,,,,,
RAC,15,1,,15,,,,,,,,,,,,,,,,,
Krewella,16,1,,,,,,16,,,,,,,,,,,,,
Lil B,16,1,,16,,,,,,,,,,,,,,,,,
Adventure Club,17,1,,,,,,17,,,,,,,,,,,,,
Awolnation,17,1,,,,,,,,,,,17,,,,,,,,
Circa Survive,17,1,,17,,,,,,,,,,,,,,,,,
Flogging Molly,17,1,,,,,17,,,,,,,,,,,,,,
Hot Chip,17,1,,,,,,,,,17,,,,,,,,,,
Hot Natured,18,1,,18,,,,,,,,,,,,,,,,,
Kacey Musgraves,18,1,,,,,,,,18,,,,,,,,,,,
Lupe Fiasco,18,1,,,,,,18,,,,,,,,,,,,,
STS9,18,1,,,,,,,,,,18,,,,,,,,,
Ben Folds,19,1,,,,,,,,,,19,,,,,,,,,
George Ezra,19,1,,19,,,,,,,,,,,,,,,,,
Kasabian,19,1,,19,,,,,,,,,,,,,,,,,
Conor Oberst,20,1,,,,,,,,,20,,,,,,,,,,
Dr. Dog,20,1,,,,,20,,,,,,,,,,,,,,
Drive Like Jehu,20,1,,20,,,,,,,,,,,,,,,,,
Squarepusher,20,1,,20,,,,,,,,,,,,,,,,,
Atomic Bomb! Who is William Onyeabor?,21,1,,,,,,,,,,21,,,,,,,,,
Big Gigantic,21,1,,,,,,,,,21,,,,,,,,,,
Chainsmokers,21,1,,,,,,,,,,,21,,,,,,,,
Martin Solveig,21,1,,21,,,,,,,,,,,,,,,,,
Spiritualized,21,1,,,,,21,,,,,,,,,,,,,,
Swans,21,1,,21,,,,,,,,,,,,,,,,,
Action Bronson,22,1,,22,,,,,,,,,,,,,,,,,
Ballroom Thieves,22,1,,,,,,,22,,,,,,,,,,,,
Duke Dumont,22,1,,22,,,,,,,,,,,,,,,,,
Front Bottoms,22,1,,,,,,,,22,,,,,,,,,,,
Galactic & Macy Gray,22,1,,,,,,22,,,,,,,,,,,,,
Kaiser Chiefs,22,1,,,,,22,,,,,,,,,,,,,,
Tears for Fears,22,1,,,,,,,,,,22,,,,,,,,,
Brandi Carlile,23,1,,,,,,,,,,23,,,,,,,,,
Krill,23,1,,,,,,,23,,,,,,,,,,,,
Trombone Shorty & Orleans Ave,23,1,,,,,23,,,,,,,,,,,,,,
Weird Al Yankovic,23,1,,,,,,,,,23,,,,,,,,,,
A-Trak,24,1,,,,,,,,,24,,,,,,,,,,
ZZ Ward,24,1,,,,,24,,,,,,,,,,,,,,
Beats Antique,25,1,,,,,,25,,,,,,,,,,,,,
Little Dragon,25,1,,,,,,,,,25,,,,,,,,,,
New World Punx,25,1,,25,,,,,,,,,,,,,,,,,
Reverend Peyton's Big Damn Band,25,1,,,,,,,,25,,,,,,,,,,,
American Football,26,1,,,,,26,,,,,,,,,,,,,,
Earth Wind & Fire,26,1,,,,,,,,,,26,,,,,,,,,
Kimbra,26,1,,26,,,,,,,,,,,,,,,,,
Clutch,27,1,,,,,27,,,,,,,,,,,,,,
Griz,27,1,,,,,,27,,,,,,,,,,,,,
J.E.S.+S,27,1,,27,,,,,,,,,,,,,,,,,
Mikky Ekko,27,1,,,,,,,,27,,,,,,,,,,,
Black Lips,28,1,,,,,28,,,,,,,,,,,,,,
Citizen Cope,28,1,,,,,,,,,,,28,,,,,,,,
Drive-By Truckers,28,1,,,,,,28,,,,,,,,,,,,,
Erol Alkan,28,1,,28,,,,,,,,,,,,,,,,,
Machineheart,28,1,,,,,,,,28,,,,,,,,,,,
Kele,29,1,,29,,,,,,,,,,,,,,,,,
Lil Dicky,29,1,,,,,,,,29,,,,,,,,,,,
R3hab,29,1,,29,,,,,,,,,,,,,,,,,
Cloud Nothings,30,1,,30,,,,,,,,,,,,,,,,,
Gaslamp Killer Experience,30,1,,30,,,,,,,,,,,,,,,,,
Punch Brothers,30,1,,,,,,,,,,30,,,,,,,,,
Robert DeLong,30,1,,,,,,30,,,,,,,,,,,,,
Secret Sisters,30,1,,,,,,,,30,,,,,,,,,,,
Dirty South,31,1,,31,,,,,,,,,,,,,,,,,
Keys N Krates,31,1,,31,,,,,,,,,,,,,,,,,
Loco Dice,31,1,,31,,,,,,,,,,,,,,,,,
"Medeski, Scofield, Martin & Wood",31,1,,,,,,,,,,31,,,,,,,,,
Mini Mansions,31,1,,,,,,,,31,,,,,,,,,,,
Mountain Goats,31,1,,,,,31,,,,,,,,,,,,,,
Best Coast,32,1,,,,,32,,,,,,,,,,,,,,
Danny Tenaglia,32,1,,32,,,,,,,,,,,,,,,,,
Guy Gerber,32,1,,32,,,,,,,,,,,,,,,,,
MK,32,1,,32,,,,,,,,,,,,,,,,,
Multimagic,32,1,,,,,,,,32,,,,,,,,,,,
Antemasque,33,1,,33,,,,,,,,,,,,,,,,,
Buggs Tha Rocka,33,1,,,,,,,,33,,,,,,,,,,,
OFF!,33,1,,33,,,,,,,,,,,,,,,,,
Broods,34,1,,,,,,,,,,,34,,,,,,,,
Dawes,34,1,,,,,,,,,,34,,,,,,,,,
Go Analog,34,1,,,,,,,,34,,,,,,,,,,,
Pete Tong,34,1,,34,,,,,,,,,,,,,,,,,
Philip Selway,34,1,,34,,,,,,,,,,,,,,,,,
Twin Shadow,34,1,,,,,,,,,34,,,,,,,,,,
Ab-Soul,35,1,,35,,,,,,,,,,,,,,,,,
Big Data,35,1,,,,,,,,,,,35,,,,,,,,
Cedric Gervais,35,1,,35,,,,,,,,,,,,,,,,,
G-Eazy,35,1,,,,,,,,,,35,,,,,,,,,
Indigo Wild,35,1,,,,,,,,35,,,,,,,,,,,
Lake Street Dive,35,1,,,,,,35,,,,,,,,,,,,,
Real Estate,35,1,,,,,35,,,,,,,,,,,,,,
Bummers,36,1,,,,,,,,36,,,,,,,,,,,
Claude VonStroke,36,1,,36,,,,,,,,,,,,,,,,,
DJ Mustard,36,1,,,,,,,,,,,36,,,,,,,,
Lights,36,1,,36,,,,,,,,,,,,,,,,,
Mayer Hawthorne,36,1,,,,,,,,,36,,,,,,,,,,
Rubblebucket,36,1,,,,,,36,,,,,,,,,,,,,
Wavves,36,1,,,,,36,,,,,,,,,,,,,,
Eagulls,37,1,,37,,,,,,,,,,,,,,,,,
Iration,37,1,,,,,,37,,,,,,,,,,,,,
Markham,37,1,,,,,,,,37,,,,,,,,,,,
Touché Amoré,37,1,,37,,,,,,,,,,,,,,,,,
What So Not,37,1,,37,,,,,,,,,,,,,,,,,
Allah-Las,38,1,,38,,,,,,,,,,,,,,,,,
Both,38,1,,,,,38,,,,,,,,,,,,,,
Joyce Manor,38,1,,38,,,,,,,,,,,,,,,,,
Yellow Claw,38,1,,38,,,,,,,,,,,,,,,,,
Alvin Risk,39,1,,39,,,,,,,,,,,,,,,,,
Angel Olsen,39,1,,39,,,,,,,,,,,,,,,,,
AWOL Nation,39,1,,,,,,,,,,39,,,,,,,,,
Diamond Rugs,39,1,,,,,39,,,,,,,,,,,,,,
DJ Harvey,39,1,,39,,,,,,,,,,,,,,,,,
Vintage Trouble,39,1,,,,,,39,,,,,,,,,,,,,
Chris Malinchak,40,1,,40,,,,,,,,,,,,,,,,,
John Talabot,40,1,,40,,,,,,,,,,,,,,,,,
Tale of Us,40,1,,40,,,,,,,,,,,,,,,,,
Bela Fleck & Abigail Washburn,41,1,,,,,,,,,,41,,,,,,,,,
Jon Hopkins,41,1,,41,,,,,,,,,,,,,,,,,
Minus The Bear,41,1,,,,,41,,,,,,,,,,,,,,
Yelle,41,1,,41,,,,,,,,,,,,,,,,,
Guster,42,1,,,,,,,,,,42,,,,,,,,,
Labrinth,42,1,,,,,,,,,42,,,,,,,,,,
Old 97s,42,1,,,,,42,,,,,,,,,,,,,,
Oliver Heldens,42,1,,42,,,,,,,,,,,,,,,,,
Tiger and Woods,42,1,,42,,,,,,,,,,,,,,,,,
White Panda,42,1,,,,,,,,,,,42,,,,,,,,
Carl Craig,43,1,,43,,,,,,,,,,,,,,,,,
Dubfire,43,1,,43,,,,,,,,,,,,,,,,,
Heartless Bastards,43,1,,,,,43,,,,,,,,,,,,,,
Mary Lambert,43,1,,,,,,43,,,,,,,,,,,,,
Ruen Brothers,43,1,,43,,,,,,,,,,,,,,,,,
Against Me!,44,1,,,,,,,,,,44,,,,,,,,,
Ben Klock,44,1,,44,,,,,,,,,,,,,,,,,
Chiddy Bang,44,1,,,,,,,,,,,44,,,,,,,,
Jason Bentley,44,1,,44,,,,,,,,,,,,,,,,,
Kopecky,44,1,,,,,,44,,,,,,,,,,,,,
Mariachi El Bronx,44,1,,,,,44,,,,,,,,,,,,,,
Annie Mac,45,1,,45,,,,,,,,,,,,,,,,,
Lettuce,45,1,,,,,,,,,,,45,,,,,,,,
Ryan Hemsworth,45,1,,45,,,,,,,,,,,,,,,,,
Brant Bjork and the Low Desert Punk Band,46,1,,46,,,,,,,,,,,,,,,,,
Cashmere Cat,46,1,,46,,,,,,,,,,,,,,,,,
Chicano Batman,46,1,,46,,,,,,,,,,,,,,,,,
DIIV,46,1,,,,,,,,,46,,,,,,,,,,
Soja,46,1,,,,,,,,,,46,,,,,,,,,
Young Fathers,46,1,,,,,,46,,,,,,,,,,,,,
Betty Who,47,1,,,,,,,,,,,47,,,,,,,,
Bostich & Fussible,47,1,,47,,,,,,,,,,,,,,,,,
Chronixx and the Zincfence Redemption,47,1,,,,,,,,,47,,,,,,,,,,
Earls of Leicester,47,1,,,,,,,,,,47,,,,,,,,,
Fidlar,47,1,,,,,47,,,,,,,,,,,,,,
Marques Wyatt,47,1,,47,,,,,,,,,,,,,,,,,
Ghost of a Sabertooth Tiger,48,1,,48,,,,,,,,,,,,,,,,,
Metz,48,1,,,,,48,,,,,,,,,,,,,,
Sloan,48,1,,48,,,,,,,,,,,,,,,,,
Tourist,48,1,,48,,,,,,,,,,,,,,,,,
Bronx,49,1,,,,,49,,,,,,,,,,,,,,
Doc Martin,49,1,,49,,,,,,,,,,,,,,,,,
Los Rakas,49,1,,49,,,,,,,,,,,,,,,,,
Zola Jesus,49,1,,,,,,,,,,,49,,,,,,,,
Matthew Koma,50,1,,50,,,,,,,,,,,,,,,,,
RJD2,50,1,,,,,,,,,,,50,,,,,,,,
Saint Motel,50,1,,50,,,,,,,,,,,,,,,,,
Two Gallants,50,1,,,,,50,,,,,,,,,,,,,,
Districts,51,1,,,,,,51,,,,,,,,,,,,,
Orwells,51,1,,51,,,,,,,,,,,,,,,,,
Tennis,51,1,,,,,51,,,,,,,,,,,,,,
Cribs,52,1,,52,,,,,,,,,,,,,,,,,
Very Best,52,1,,,,,,,,,,52,,,,,,,,,
Joywave,53,1,,,,,,53,,,,,,,,,,,,,
tINI,53,1,,53,,,,,,,,,,,,,,,,,
Whiskey Gentry,53,1,,,,,53,,,,,,,,,,,,,,
White Lung,53,1,,,,,,,,,53,,,,,,,,,,
Bixel Boys,54,1,,54,,,,,,,,,,,,,,,,,
Saint Pepsi,54,1,,,,,,54,,,,,,,,,,,,,
Vacationer,54,1,,,,,,,,,,,54,,,,,,,,
Andrea Oliva,55,1,,55,,,,,,,,,,,,,,,,,
Elle King,55,1,,,,,,55,,,,,,,,,,,,,
Shabazz Palaces,55,1,,,,,,,,,,55,,,,,,,,,
Misterwives,56,1,,,,,,56,,,,,,,,,,,,,
Palma Violets,56,1,,,,,56,,,,,,,,,,,,,,
Holychild,57,1,,,,,,,,,57,,,,,,,,,,
Radkey,57,1,,57,,,,,,,,,,,,,,,,,
Sheepdogs,57,1,,,,,57,,,,,,,,,,,,,,
Asgeir,58,1,,,,,58,,,,,,,,,,,,,,
Astr,58,1,,,,,,,,,58,,,,,,,,,,
Coasts,58,1,,58,,,,,,,,,,,,,,,,,
Preatures,58,1,,,,,,,,,,,58,,,,,,,,
Unknown Mortal Orchestra,58,1,,,,,,,,,,58,,,,,,,,,
Jon Bellion,59,1,,,,,,,,,,,59,,,,,,,,
Surfer Blood,59,1,,,,,59,,,,,,,,,,,,,,
Until the Ribbon Breaks,59,1,,59,,,,,,,,,,,,,,,,,
Goldroom,60,1,,,,,,60,,,,,,,,,,,,,
Hermitude,60,1,,,,,,,,,60,,,,,,,,,,
Jukebox The Ghost,60,1,,,,,60,,,,,,,,,,,,,,
Raury,60,1,,,,,,,,,,,60,,,,,,,,
Bear Hands,61,1,,,,,,,,,,,61,,,,,,,,
Bishop Nehru,61,1,,,,,,,,,61,,,,,,,,,,
Damnwells,61,1,,,,,61,,,,,,,,,,,,,,
Five Knives,61,1,,,,,,61,,,,,,,,,,,,,
Growlers,62,1,,,,,,,,,,62,,,,,,,,,
Steelism,62,1,,,,,,62,,,,,,,,,,,,,
Streets of Laredo,62,1,,,,,,,,,62,,,,,,,,,,
Charlotte OC,63,1,,,,,,,,,63,,,,,,,,,,
Suffers,63,1,,,,,,63,,,,,,,,,,,,,
Verite,63,1,,,,,,,,,,,63,,,,,,,,
Ana Tijoux,64,1,,,,,,,,,,64,,,,,,,,,
Elliphant,64,1,,,,,,,,,,,64,,,,,,,,
Kate Tempest,64,1,,,,,,,,,64,,,,,,,,,,
Sza,65,1,,,,,,,,,,65,,,,,,,,,
Picturebooks,66,1,,,,,,,,,66,,,,,,,,,,
Nikki Lane,67,1,,,,,67,,,,,,,,,,,,,,
Rhiannon Giddens,67,1,,,,,,,,,,67,,,,,,,,,
Young Rising Sons,67,1,,,,,,,,,,,67,,,,,,,,
Black Pistol Fire,68,1,,,,,68,,,,,,,,,,,,,,
Wind and the Wave,68,1,,,,,,,,,,,68,,,,,,,,
Dizzy Wright,69,1,,,,,,,,,,,69,,,,,,,,
Matthew E. White,69,1,,,,,69,,,,,,,,,,,,,,
Tanja Tagaq,69,1,,,,,,,,,,69,,,,,,,,,
Blank Range,70,1,,,,,70,,,,,,,,,,,,,,
Woods,70,1,,,,,,,,,,70,,,,,,,,,
Hurray for the Riff Raff,71,1,,,,,,,,,,71,,,,,,,,,
Max Frost,71,1,,,,,,,,,,,71,,,,,,,,
Joe Pug,73,1,,,,,,,,,,,73,,,,,,,,
Between the Buried & Me,74,1,,,,,,,,,,74,,,,,,,,,
Børns,74,1,,,,,,,,,,,74,,,,,,,,
Linus Young,75,1,,,,,,,,,,,75,,,,,,,,
Generationals,76,1,,,,,,,,,,,76,,,,,,,,
Dopapod,77,1,,,,,,,,,,77,,,,,,,,,
Shakehips,77,1,,,,,,,,,,,77,,,,,,,,
Le1f,78,1,,,,,,,,,,,78,,,,,,,,
Pokey LaFarge,78,1,,,,,,,,,,78,,,,,,,,,
Griswolds,80,1,,,,,,,,,,,80,,,,,,,,
Lizzo,82,1,,,,,,,,,,,82,,,,,,,,
Gregory Alan Isakov,83,1,,,,,,,,,,83,,,,,,,,,
Brownout Presents Brown Sabbath,84,1,,,,,,,,,,84,,,,,,,,,
Skylar Spence,84,1,,,,,,,,,,,84,,,,,,,,
Hey Rosetta!,85,1,,,,,,,,,,,85,,,,,,,,
Madisen Ward & The Mama Bear,86,1,,,,,,,,,,86,,,,,,,,,
Marian Hill,86,1,,,,,,,,,,,86,,,,,,,,
Craze,88,1,,,,,,,,,,,88,,,,,,,,
Jon Clearly & The Absolute Monster...,89,1,,,,,,,,,,89,,,,,,,,,
Mother Mother,89,1,,,,,,,,,,,89,,,,,,,,
Pallbearer,90,1,,,,,,,,,,90,,,,,,,,,
Dej Loaf,91,1,,,,,,,,,,91,,,,,,,,,
Sweater Beats,91,1,,,,,,,,,,,91,,,,,,,,
Christopher Denny,92,1,,,,,,,,,,92,,,,,,,,,
Panama Wedding,92,1,,,,,,,,,,,92,,,,,,,,
Hiss Golden Messenger,93,1,,,,,,,,,,93,,,,,,,,,
Wild Party,93,1,,,,,,,,,,,93,,,,,,,,
King Gizzard & the Lizard Wizard,94,1,,,,,,,,,,94,,,,,,,,,
Snbrn,94,1,,,,,,,,,,,94,,,,,,,,
Goshfather & Jinco,95,1,,,,,,,,,,,95,,,,,,,,
Nick Catchdubs,96,1,,,,,,,,,,,96,,,,,,,,
Unlocking the Truth,96,1,,,,,,,,,,96,,,,,,,,,
Hunts,97,1,,,,,,,,,,,97,,,,,,,,
Shaun Frank,98,1,,,,,,,,,,,98,,,,,,,,
Matoma,99,1,,,,,,,,,,,99,,,,,,,,
Prinze George,100,1,,,,,,,,,,,100,,,,,,,,
Whyel,101,1,,,,,,,,,,,101,,,,,,,,
Broncho,102,1,,,,,,,,,,,102,,,,,,,,
Jayceeoh,103,1,,,,,,,,,,,103,,,,,,,,
Intergalactix,104,1,,,,,,,,,,,104,,,,,,,,
Solidisco,105,1,,,,,,,,,,,105,,,,,,,,
Filabusta,106,1,,,,,,,,,,,106,,,,,,,,
Vindata,107,1,,,,,,,,,,,107,,,,,,,,
Jack Novak,108,1,,,,,,,,,,,108,,,,,,,,
Manila Killa,109,1,,,,,,,,,,,109,,,,,,,,
Cardiknox,110,1,,,,,,,,,,,110,,,,,,,,
Cheerleader,111,1,,,,,,,,,,,111,,,,,,,,
Client Liason,112,1,,,,,,,,,,,112,,,,,,,,
Kill Them With Colour,113,1,,,,,,,,,,,113,,,,,,,,
Styles & Complete,114,1,,,,,,,,,,,114,,,,,,,,
Falls,115,1,,,,,,,,,,,115,,,,,,,,
Kingsize,116,1,,,,,,,,,,,116,,,,,,,,
Fiancé,117,1,,,,,,,,,,,117,,,,,,,,
Cypher Clique,118,1,,,,,,,,,,,118,,,,,,,,
A$AP Ferg,,,,,,,,,,,,,,,18,,,,,,
AG Cook,,,,,,,,,,,,,,,34,,,,,,
Alvaays,,,,,,,,,,,,,,28,,,,,,,
Ariel Pink,,,,,,,,,,,,,,,19,,,,,,
Barr Brothers,,,,,,,,,,,,,,27,,,,,,,
Big KRIT,,,,,,,,,,,,,,14,,,,,,,
Bitchin Bajas,,,,,,,,,,,,,,,41,,,,,,
Broncho,,,,,,,,,,,,,,44,,,,,,,
Bully,,,,,,,,,,,,,,,45,,,,,,
Chance The Rapper,,,,,,,,,,,,,,,2,,,,,,
Cherub,,,,,,,,,,,,,,20,,,,,,,
Chvrches,,,,,,,,,,,,,,,5,,,,,,
Clark,,,,,,,,,,,,,,,26,,,,,,
Diarrhea Planet,,,,,,,,,,,,,,41,,,,,,,
Empires,,,,,,,,,,,,,,42,,,,,,,
Ex Hex,,,,,,,,,,,,,,,20,,,,,,
First Aid Kit,,,,,,,,,,,,,,11,,,,,,,
Fly Golden Eagle,,,,,,,,,,,,,,40,,,,,,,
Future Brown,,,,,,,,,,,,,,,21,,,,,,
Gaslight Anthem,,,,,,,,,,,,,,17,,,,,,,
ILoveMakonnen,,,,,,,,,,,,,,21,15,,,,,,
Jeff The Brotherhood,,,,,,,,,,,,,,35,,,,,,,
Jessica Pratt,,,,,,,,,,,,,,,35,,,,,,
Jimmy Whispers,,,,,,,,,,,,,,,46,,,,,,
Julie Ruin,,,,,,,,,,,,,,,28,,,,,,
King Tuff,,,,,,,,,,,,,,36,,,,,,,
Kurt Vile,,,,,,,,,,,,,,,12,,,,,,
Mourn,,,,,,,,,,,,,,,42,,,,,,
Mr Twin Sister,,,,,,,,,,,,,,,36,,,,,,
Natalie Prass,,,,,,,,,,,,,,,43,,,,,,
New Pornographers,,,,,,,,,,,,,,,6,,,,,,
Noah Gunderson,,,,,,,,,,,,,,37,,,,,,,
Ought,,,,,,,,,,,,,,,24,,,,,,
Over The Rhine,,,,,,,,,,,,,,24,,,,,,,
Parker Millsap,,,,,,,,,,,,,,47,,,,,,,
Portugal The Man,,,,,,,,,,,,,,9,,,,,,,
Protomartyr,,,,,,,,,,,,,,,37,,,,,,
Revivalists,,,,,,,,,,,,,,29,,,,,,,
RL Grime,,,,,,,,,,,,,,10,,,,,,,
Ryley Walker,,,,,,,,,,,,,,,40,,,,,,
Sam Smith,,,,,,,,,,,,,,1,,,,,,,
Shamir,,,,,,,,,,,,,,,33,,,,,,
Shovels & Rope,,,,,,,,,,,,,,13,,,,,,,
Single Mothers,,,,,,,,,,,,,,,44,,,,,,
Sleater-Kinney,,,,,,,,,,,,,,,3,,,,,,
Son Lux,,,,,,,,,,,,,,34,,,,,,,
Sophie,,,,,,,,,,,,,,,32,,,,,,
Steeldrivers,,,,,,,,,,,,,,31,,,,,,,
Tallest Man on Earth,,,,,,,,,,,,,,8,,,,,,,
Tobias Jesso Jr.,,,,,,,,,,,,,,,30,,,,,,
Tweedy,,,,,,,,,,,,,,7,,,,,,,
Twin Limb,,,,,,,,,,,,,,45,,,,,,,
Vince Staples,,,,,,,,,,,,,,,29,,,,,,
Waxahatchee,,,,,,,,,,,,,,,22,,,,,,
White Reaper,,,,,,,,,,,,,,43,,,,,,,
Widespread Panic,,,,,,,,,,,,,,3,,,,,,,
"Word (Medeski, Randolph, etc.)",,,,,,,,,,,,,,15,,,,,,,