ARTIST,COACHELLA,GOVBALL,BONNAROO,JAZZFEST,SUNFEST,SHAKYKNEES,HANGOUT,BOSCALLING,SASQUATCH,BUNBURY,FIREFLY,FORECASTLE,LOLLA,OSHEAGA
1200,,,,,,,,,,,,37,,
2 Many DJs,14,,,,,,,,,,,,,
3LAU,,,,,,,24,,,,,,,
A$AP Ferg,,,,,,,,,,,,,54,
A$AP Rocky,5,,,,,,,,6,,11,,,
Aaron Neville,,,,33,,,,,,,,,,
AC Slater,50,,,,,,,,,,,,110,
Action Bronson,,22,,,,,,,,,,,,
Adam Beyer & Ida Engberg,20,,,,,,,,,,,,,
Adam Devine,,,23,,,,,,,,,,,
Adia Victoria,,,,,,73,,,,,,,,
Adventure Club,,,39,,,,,,,,,,38,
Against Me!,,37,,,,28,,,,,,,,
Alabama Shakes,,,,,2,,4,,4,,,2,,
Albert Hammond Jr.,,40,,,,,,,,,,,,
Alessia Cara,36,,,,,,33,,,,,,59,
Alex G,,,,,,68,,,,,,33,,92
Algiers,50,,,,,,,,,,,,,
Alina Baraz,,,,,,,,,38,,,,97,
Alison Wonderland,,,,,,,50,,,,,,,
All Them Witches,,,,,,59,,,,,,26,,
Alle Farben,,,,,,,,,,,,,132,
Allen Stone,,,67,,,,,,16,,,,,
Alpha Blondy,,,,38,,,,,,,,,,
AlunaGeorge,33,,,,,,,,,,32,,82,
Alvvays,44,,,,,,,,,,,,,
AMFMs,,,,,,,,,,,110,,,
Amine Edge & DANCE,55,,,,,,,,,,,,,
Anders Osborne,,,,66,,,,,,,,,,
Anderson .Paak,31,,,,,,,,,,,,,
Anderson East,,,79,,,,,,,,,28,,
Andra Day,,,78,,,,,,29,,,,,
Andrew McMahon in the Wilderness,,,,,,,,,,,,20,,
Andy Grammer,,,,,18,,,,,,,,,
Arkells,,,,,,,,,,,68,,163,
Arlo Guthrie,,,,27,,,,,,,,,,
Arlo McKinley & The Lonesome Sound,,,,,,,,,,39,,,,
Arturo Sandoval,,,,69,,,,,,,,,,
At The Drive-In,,,,,,4,,,,,,,,
Atlas Genius,,,,,,26,39,,,,31,,,
Audien,,,,,,,,,,,,,99,
Audiodamn!,,,,,,,,,,,,,168,
Aurora,,,,,,,,,,,,,96,
Austin Plaine,,,,,,,,,,22,,,,
Autolux,28,,,,,,,,74,,,,129,
Automagik,,,,,,,,,,42,,,,
Baauer,17,,,,,,,,44,,,,,
Bad Royale,,,,,,,,,,,,,115,
BADBADNOTGOOD,37,,,,,,,,,,,,,
Baio,,,,,,,,,79,,,,125,
Bakery,,,,,,76,,,,,,,,
Band of Horses,,,19,,,,,,,,,,,
Banners,,,,,,,,,,,,,128,80
Barns Courtney,,,,,,69,,,,,,,,
Baroness,,,,,,31,,,46,,,,,
Bas Cozz Omen,,,,,,,,,,,,,109,
Bass Drum of Death,,,,,,,62,,,,,,,
Bastille,,,,,11,,,,,,,,24,13
Bat For Lashes,22,42,,,,,,,,,,,,
Battles,,,,,,,,17,,,,,,
Bayonne,,,,,,,,,86,,,,,
Bayside,,,,,,,,,,17,,,,
BBRNS,21,,,,,,,,,,,,,
Beach Fossils,,,94,,,,,,,,,,,
Beach House,5,,,,,,,,,,,,,
Beach Slang,,,,,,61,,,,,,,,
Beat Connection,,,,,,,,,61,,,,,
Beck,,4,,8,,,,,,,,,,
Beirut,,,,,,,,,,,,,,12
Ben Harper & The Innocent Criminals,,,,,,,,,,,,6,,
Better Than Ezra,,,,48,,,,,,,,,,
Betty Who,,41,,,,,,,,,,,,
Big Freedia,,,,63,,,,,,,,,,
Big Gigantic,,,,,,,,,,,,10,32,
Big Grams,,19,18,,,,17,,20,9,,,29,
Black Coffee,29,,,,,,,,,,,,,
Black Pistol Fire,,55,,,,,,,,,,,,
Blackberry Smoke,,,,,,,,,,,,13,,
Blank Range,,56,,,,,,,,,,,,
Blind Pilot,,,,,,,,,39,,,,,
Blink-182,,,,,,,,,,,7,,,
Bloc Party,,16,,,,14,,,,,,,28,18
Blood Orange,,,38,,,,,,,,,,,
Bob Moses,25,46,,,,,,,,,,,92,
Bobby Lee Rodgers,,,,,38,,,,,,,,,
Bonnie Raitt,,,,18,,,,,,,,,,
Boogie,,52,,,,,,,,,,,,
Boombox Cartel,,,,,,,,,,,,,114,
Boris Brejcha,,,,,,,,,,,,,,61
Børns,,,64,,,,30,13,30,,,,,62
Bot,,,,,,,,,,,97,,,
Boy & Bear,,,70,,,,,,,,53,,,
Boys Noize,,,,,,,,,,,,,,34
Boz Scaggs,,,,29,,,,,,,,,,
Brandi Carlile,,,,40,,,,,,,,8,,
Brett Dennen,,,68,,,,37,,,,,,,
Brian Fallon,,,,,,37,,,,,,,,
Briana Marela,,,,,,,,,84,,,,,
Bridget Everett,,,31,,,,,,,,,,,
Bro Safari,,,,,,,28,,,,,,86,
Brothers From Another,,,,,,,,,82,,,,,
Brothers Osborne,,,,41,,,,,,,,,,
Bryson Tiller,,,,,,,,,,,,,26,
Buddy Guy,,,,32,,,,,,,,,,
Buffy Sainte-Marie,,,,59,,,,,,,,,,
Bully,,51,81,,,,57,,73,,,23,,
Burns,,,,,,,,,,,,,138,
Busty And The Bass,,,,,,,,,,,,,,93
Butch Trucks & The Freight Train Band,,,,,25,,,,,,,,,
Cade,,,,,41,,,,,,,,,
Cage The Elephant,,,,,,,9,,,,,,,
Cal Scruby,,,,,,,,,,24,,,,
Calvin Harris,1,,,,,,2,,,,,,,
Capital Cities,,,,,15,,,,,,,,,
Caribou,,,,,,,,,19,,,,,
Carla Morrison,37,,,,,,,,,,,,,
Casaveda,,,,,42,,,,,,,,,
Casey Veggies,,,,,,,,,47,,,,,
Cashmere Cat,,,53,,,,,,,,,,62,
Cassy,46,,,,,,,,,,,,,
Catfish and the Bottlemen,,35,,,,,,,,,29,,,
Caveboy,,,,,,,,,,,,,,94
Caveman,,,,,,60,,,,,,25,,
Caverns,,,,,,,,,,,102,,,
CeCe Winans,,,,58,,,,,,,,,,
Chairlift,,,,,,,,,,,52,,80,
Charles Bradley,,,,,,,,14,,15,,,,
Charlotte Cardin,,,,,,,,,,,,,,78
Cheat Codes,,,,,,,,,,,79,,,
Chelsea Wolfe,,,,,,,,,53,,,,,
Cherub,,,,,,,,,,,,,49,
Chet Faker,,10,,,,,,,10,,,,,
Chicano Batman,,,83,,,,,,,,,,,
Chris Botti,,,,36,,,,,,,,,,
Chris Stapleton,12,,16,,,,,,,,,,18,
Christine and the Queens,22,38,,,,,,19,,,,,,
Chronixx,30,,,,,,,,,,,,,
CHVRCHES,6,11,14,,,,,,,,15,,,
Circa Waves,,53,,,,,,,,,58,,,
City and Colour,,,,,,,,9,,,,,41,
Civil Twilight,,,99,,,,,,,,70,,,
Claptone,25,,,,,,,,,,,,,
Classixx,,,,,,,,,,,,,94,71
Cloves,53,,,,,,,,,,,,123,
Clutch,,,49,,,,,,,,,,,
Coasts,,,,,,,55,,,,,,,
Coin,,,,,,56,,,,,64,,,
Cold War Kids,13,32,,,,18,,,,,,,,
Coleman Hell,,,,,27,,32,,,25,63,,,66
Con Brio,,,102,,,,,,,,,,135,
Connell Cruise,,,,,,,,,,,93,,,
Conner Youngblood,,,,,,,,,90,29,,,,
Courtney Barnett,11,25,,,,,25,10,,,,,,
Craig Finn,,,,,,65,,,,,,,,
Crystal Fighters,37,,,,,32,,,,,,,,
Cymande,,,47,,,,,,,,,,,
Cypress Hill,,,,,,,,,,,,,,22
D.R.A.M.,,,,,,,,,,,77,,139,
Danny Brown,,,,,,,,,,,,16,57,
Daughter,,,60,,,,,,,,,,47,31
Dave B,,,,,,,,,94,,,,,
Davell Crawford,,,,72,,,,,,,,,,
David Ramirez,,,,,,62,,,,,,,,
Dawg Yawp,,,,,,,,,,40,,,,
Day Wave,,60,,,,58,,,,,,,119,
De La Soul,,31,,,,,,,,,,,,
De Lux,47,,,,,,,,,,,,,
Dead & Company,,,2,,,,,,,,,,,
Dead Man String Band,,,,,,,,,,38,,,,
Deadmau5,,,,,,,,,,,4,,,
Deafheaven,33,,,,,,,,,,,,,
Death Cab for Cutie,,6,8,,7,,,,,,8,4,,
Death Grips,14,,,,,,,,,,,,,
Deep Sea Diver,,,,,,,,,76,,,,,
Deer Tick,,,,,,27,,,,,,,,
Deerhunter,19,,,,,,,,,,,,,
Deftones,,,,,,6,,,,,,,,
Devon Baldwin,,,,,35,,,,,,,,,
Diarrhea Planet,,,,,,,,,,30,,,,
Die Antwoord,,,,,,,,,,,,,22,
Diet Cig,,,,,,66,,,,,,,,
Digable Planets,,,,,,,,,26,,,,,
Dilly Dally,,,,,,,,,,,,,,85
Dirty Dozen Brass Band,,,,70,,,,,,,,,,
Disclosure,3,,,,,,,2,2,,6,,9,4
DJ EZ,46,,,,,,,,,,,,,
DJ Koze,36,,,,,,,,,,,,,
DJ Mustard,20,,,,,,,,,,,,,
DMA's,48,,,,,,,,,,,,,
Don Diablo,,,,,,,,,,,,,93,
Dr. Dog,,,,,,,,,,,,12,,
Dr. John,,,,25,,,,,,,,,,
Dragonette,,,,,,,,,,,,,,45
Dreamers,,,,,,,,,,,,,161,
Drew Holcomb and The Neighbors,,,,,33,42,,,,,,,,
Drowners,,,,,,,,,,,,,150,
Dua Lipa,,,,,,,,,,,,,105,
Dubfire,46,,,,,,,,,,,,,
Duke Dumont,,30,,,,,,,,,,,55,
Dungen,,,71,,,,,,,,,,,
Duran Duran,,,,,1,,,,,,,,,
Dylan LeBlanc,,,,,37,,,,,,,,,
Eagles of Death Metal,,28,,,,30,,,,,,,,
Earth Wind & Fire,,,,,,,,,,,19,,,
Edward Sharpe and the Magnetic Zeros,10,,,,,,,,,,,,,
Elephant Stone,,,,,,,,,,,,,,95
Eliot Sumner,,64,,,,,,,,,,,,
Elle King,,47,,39,,,,11,,13,35,,,35
Ellie Goulding,2,,5,,,,5,,,,5,,7,
Elliot Root,,,,,,,,,,,107,,,
Ellis Marsalis,,,,57,,,,,,,,,,
Elvin Bishop,,,,56,,,,,,,,,,
Elvis Costello,,,,14,,,,,,,,,,
Epik High,34,,,,,,,,,,,,,
Ethan Parker Band,,,,,43,,,,,,,,,
Evanescence,,,,,16,,,,,,,,,
Evian Christ,,,,,,,,,,,,,,52
Ex Hex,40,,,,,,,,,,,,,
Excision,,,,,,,,,,,,,31,
Explosions in the Sky,,,,,,16,,,,,,,,
Fakear,,,,,,,,,,,,,,65
Father John Misty,,14,22,,,,,,,,,,,
Fauna Shade,,,,,,,,,97,,,,,
Feder,,,,,,,,,,,,,,91
Felix Jaehn,,,,,,,,,,,48,,,
Femi Kuti & Positive Force,,,,,,,,,,,,21,,
Fetty Wap,,,,,,,20,,,,23,,,
Fidlar,,44,54,,,,,,,,,,77,
Finish Ticket,,,,,,,,,,,67,,,
Firekid,,,,,,,,,,,,,155,
Fireside Prophets,,,,,44,,,,,,,,,
Fitz & The Tantrums,,,,,14,,,,,,22,,,
Flatbush Zombies,,,,,,,,,,,,,98,
Flo Rida,,,,15,,,,,,,,,,
Flogging Molly,,,,,17,,,,,,24,,,
Florence + The Machine,,,,,,1,3,,3,2,3,,,
Flosstradamus,,,28,,,,,,,,,,19,
Flume,4,,,,,,7,,,,,,11,11
Flux Capacitor,,,103,,,,,,,,,,,
Foals,8,,,,,12,19,,,,,,35,24
Four Tet,,,,,,,,,25,,,,,
Foxing,,,,,,52,,,,35,,,,
Foy Vance,,,,,,,,,,,,,,88
Frances,44,,,,,,,,,,,,124,63
Frank Turner & The Sleeping Souls,,,,,,,,,,,,,75,
Frightened Rabbit,,,,,,34,,,37,,,,51,56
Fur Coat,49,,,,,,,,,,,,,
Future,,,,,,,,,,,,,6,8
G-Eazy,10,,,,8,,,,,,,,12,
G. Love & Special Sauce,,,,,,,,,,14,,,,
Galactic,,,,43,,,,,,,,,,
Galantis,,29,,,,,,,,,,,,
Gallant,47,,,,,,,,,,54,,,
Gary Clark Jr.,15,17,,17,,,,,,,,9,,
Generik,,,,,,,,,,,86,,146,
George FitzGerald,45,,,,,,,,,,,,,
Ghost,,,,,,19,,,,,,,42,
Gibbz,,,,,,,,,,,80,,,
Girlpool,48,,,,,,,,,,,,,
Givers,,,84,,,,54,,,,,,,
Glass Animals,,,,,,,,,,,,11,,
GoGo Penguin,51,,,,,,,,,,,,,
Goldfinger,,,,,22,,,,,,,,,
Goldlink,,,50,,,,,,,,47,,,60
Goldroom,36,,,,,,,,,,,,,
Gov't Mule,,,,24,,,,,,,,,,
Grace Love & The Trueloves,,,,,,,,,91,,,,,
Grace Potter,,,21,37,,,,,,,,,,
Gramatik,,,,,,,,,,,,,,37
Grand Theft,,,,,,,,,,,,,102,
Gregory Porter,,,,61,,,,,,,,,,
Grimes,10,,,,,,11,,8,8,,,23,10
Griz,,,32,,,,,,,,,,33,
Grizfolk,,,,,,,,,,27,,,,
Grouplove,,,,,,,,,,,20,7,,
Guns N Roses,1,,,,,,,,,,,,,
Guster,,,,,,,,,,,34,,,
HAELOS,48,,,,,,,,,,,,134,90
Haim,,8,10,,,,8,6,,5,,,14,7
Haitus Kaiyote,,,,,,,,,,,,,90,74
Half Deezy,,,,,45,,,,,,,,,
Half Moon Run,,,,,,,71,,,,,,,9
Halsey,7,,11,,,,,,,,,,17,
Hardwell,,,,,,,,,,,,,20,
Haute,,,,,,,,,,,,,,96
Hayden James,,,,,,,,,,,65,,118,
HEALTH,33,,,,,,49,,,,,,,
Herbie Hancock & Wayne Shorter,,,,23,,,,,,,,,,
Here Come The Mummies,,,,,,,,,,21,,,,
Hermitude,,,85,,,,,,,,,,,
Hi-Lo,,,,,,,,,,,,,,76
Hibou,,,,,,,,,81,,,,,
Hippie Sabotage,,,,,,,52,,,,61,,,
Holiday Mountain,,,,,,,,,,,98,,,
Hollis Brown,,,,,,,,,,,95,,,
Holly Miranda,,62,,,,,,,,,,,,
Holy White Hounds,,,,,,,,,,37,,,,
Honeysuckle,,,,,,,,,,,,,171,
Hop Along,,,,,,49,,,78,,,,,
Horse Thief,,,,,,,,,,,,,167,
Houndmouth,,,,,,23,,,54,,,,68,
Hudson Mohawke,23,,,,,,,,,,,,,
Huey Lewis and The News,,,,,,11,,,,,,,,
Hundred Waters,,,96,,,,,,,,,,,
Iamdynamite,,,,,,,,,,,90,,,
Ibeyi,26,,55,,,,,,49,,,,,
Ice Cube,2,,,,,,,,,6,,,,
Illenium,,,,,,,,,,,,,137,
Irma Thomas,,,,20,,,,,,,,,,
Iska Dhaaf,,,,,,,,,87,,,,,
Israel Nash,,,,,,,,,,,,,,97
Ivan Neville's Dumpstaphunk,,,,45,,,,,,,,,,
J. Roddy Walston & The Business,,,,,,,,,,16,,,,
J.Cole,,,4,13,,,,,,,,,4,
Jack Garratt,,,,,,,,,,,45,,84,58
Jack Novak,,,,,,,59,,,,,,,
Jack Ü,4,,,,,,,,,,,,,
Jackal,,,,,,,,,,,,,112,
Jahkoy,,,,,,,,,,,88,,160,87
Jai Wolf,,,,,,,63,,,,56,,,
James Bay,8,,,,,,,,,,,,,
James Hersey,,,,,,,,,,,76,,,
Jamie xx,,15,,,,,,,17,,,,,
Jane's Addiction,,,,,,3,,,,,,,10,
Janelle Monae,,,,21,,,,8,,,,,,
Jarryd James,,,86,,,,,,,,,,133,
Jason Derulo,,,,,5,,,,,,,,,
Jason Isbell,,,13,,,,16,,,,,,,
Jauz,,,,,,,,,,,,,44,
Jazz Cartier,,,,,,,,,,,,36,136,40
Jeremy Loops,,,,,,,,,,,69,,,75
Jerry Folk,,,,,,,67,,,,,,,
Jesse Royal,,,,,36,,,,,,,,,
JJ Grey & Mofro,,,,,,33,,,,,,,,
Joey Bada$$,19,26,,,,,,,,,,,,
John Digweed,29,,,,,,,,,,,,,
John Hammond,,,,52,,,,,,,,,,
John Mark Nelson,,,,,,,,,83,,,,,
John Moreland,,,77,,,,,,,,,,,
Jon Batiste,,,,44,,,,,,,,,,
Jon Bellion,,43,,,,,,,,,,,,
Jon Cleary,,,,68,,,,,,,,,,
Jonny Lang,,,,22,,,,,,,,,,
Joseph,,,,,,,,,77,,,,,
Joywave,39,,,,,,,,,,,,,
Judah & The Lion,,,72,,28,,45,,,,,,,
Julia Holter,,,,,,,,,57,,,,,
Julien Baker,,,,,,55,,,,,,,,
Julio Iglesias,,,,12,,,,,,,,,,
July Talk,,,,,,63,,,,,,,,39
Justin Martin,32,,,,,,,,,,,,,
Kaleo,,,,,,51,47,,71,,66,,,
Kamasi Washington,24,,63,,,,,,,,,,,
Kaneholler,,,,,,,,,,,87,,,
Kanye West,,1,,,,,,,,,,,,
Kaytranada,,,,,,,,,,,,,,29
Kehlani,,,,,,,,,,,,,71,
Kermit Ruffins,,,,55,,,,,,,,,,
Kevin Garrett,,,,,,,,,72,,,,,
Keys N Krates,,,56,,,,,,,,,,,50
Kiiara,,,,,,,,,,,,,117,
King Gizzard & The Lizard Wizard,,,,,,,,,60,,,,,
Kings of Leon,,,,,,,,,,,2,,,
Kittens,,,,,,,,,,,89,,,
Koa,,,,,,,73,,,,,,,
KSHMR,18,,,,,,,,,,,,,
Kurt Vile & The Violators,,,37,,,,29,,18,,,,45,25
La Luz,,,,,,,,,70,,,,,
Lamb of God,,,35,,,,,,,,,,,
Lana Del Rey,,,,,,,,,,,,,5,2
Lanco,,,,,,,,,,,,,169,
Lane 8,,,,,,,,,,,,,,53
Lany,,,101,,,50,,,62,26,,,,
Lapsley,49,,,,,,,,,,,,122,46
Laura Stevenson,,,,,,,,,,,91,,,
Lauryn Hill,,,,30,,,,,,,,,,
Lauv,,,,,,,,,,,94,,,
Lazyboy Empire,,,,,,,66,,,,,,149,
LCD Soundsystem,1,,3,,,,,,,,,,3,
Le Matos,,,,,,,,,,,,,,89
Leggy,,,,,,,,,,43,,,,
Lemaitre,42,,,,,,,,,,,,,
Lenny Kravitz,,,,,,,6,,,,,,,
Leon Bridges,,,20,,,,14,,12,,,,25,16
Lettuce,,,51,,,,,,,,,,70,
Lewis Del Mar,,,,,,,,,,,,,104,
Lido,32,,,,,,,,,,,,,
Lindsey Stirling,,,,,,,,,,,,,60,
Lisa Hannigan and Aaron Dessner,,,,,,,,20,,,,,,
Little Simz,,,,,,,,,,,,,,79
Liz Vice,,,,,,,,,,,,27,,
Lizzo,,,87,,,,58,21,,,,,,
Local Natives,,,,,,,,,,,,,34,
Logic,,,,,,,,,,,,,,33
Lolawolf,,,98,,,,,,,,,,107,
London Souls,,57,97,,,,,,,,,,,
Lord Huron,15,21,40,,,,,,13,,,,,
Los Colognes,,,,,,,,,,,,35,,
Lost Frequencies,29,,,,,,,,,,,,,
Lost Kings,,,,,,,70,,,,,,,
Louis The Child,43,58,,,,,,,,34,59,,116,
Lucius,,,44,,,,,,,,,,,67
Lucy Dacus,,,,,,,,,,,,,158,
Ludacris,,,,,,,,,,,17,,,
Lukas Graham,,,,,24,,,,,,,,,
Lunchmoney Lewis,,,,,30,,,,,,,,,
Lush,17,,,,,,,,,,,,,
Lydia,,,,,,,,,,33,,,,
M. Ward,,,,,,,,,33,,,,,
M83,5,7,9,,,,,,9,,10,,15,6
Mac Demarco,,,,,,,,,15,,,,,
Mac Miller,,24,,,,,,,,,,,43,20
Maceo Plex,16,,,,,,,,,,,,,
Macklemore & Ryan Lewis,,,6,,,,,,,,,,,
Mad Anthony,,,,,,,,,,41,,,,
Magic Man,,,,,,,48,,,,,,,
Mail The Horse,,,,,,,,,,,108,,,
Major and The Monbacks,,,,,,,,,,,105,,,
Major Lazer,3,,,,,,,,5,,12,,8,
Mano Le Tough,34,,,,,,,,,,,,,
Marc Scibilia,,,,,,,,,,,78,,,
Marco Carola,27,,,,,,,,,,,,,
Marcus Marr,,,,,,,,,80,,,,,
Marian Hill,,45,62,,,,,,43,,,,91,77
Marshmello,,,,,,,,,,,,,85,
Martin Garrix,,,,,,,,,,,,,21,
Masha,56,,,,,,,,,,,,,
Matoma,49,,,,,,,,,,,,,
Matt and Kim,11,20,,,,,,,,,,,,
Matt Calderin Trio,,,,,46,,,,,,,,,
Matt Corby,,,,,,,,,40,,,,,
Matt Vasquez,,,,,,67,,,,,,,,
Matthew Dear,47,,,,,,,,,,,,,
Mavis Staples,34,,33,28,,,,,,,,,,
Maxwell,,,,19,,,,,,,,,,
Mayer Hawthorne,,,,,,,35,,,,,,,
Maze,,,,51,,,,,,,,,,
Mbongwana Star,53,,,,,,,,,,,,,
Meg Mac,,54,,,,,65,,,,,,,
Meg Myers,44,,,,,,,,,,,,,
Meghan Trainor,,,,,3,,,,,,,,,
Melanie Martinez,,,,,,,,,,,,,74,47
Melody's Echo Chamber,27,,,,,,,,,,,,,
Miami Horror,50,,,,,,,,,,,,,
Michael Christmas,,,,,,,,23,,,,,,
Michael McDonald,,,,31,,,,,,,,,,
Miguel,,18,15,,,,,,,,,,,
Miike Snow,8,13,,,,,15,7,,,,,27,
Mija,,,,,,,,,,,,,108,
Mike Mineo,,,,,47,,,,,,,,,
Mindie Lind,,,,,,,,,95,,,,,
Misterwives,,36,48,,,,,,,,,,,68
MØ,,,,,,,,,,,27,,66,44
Modern Baseball,,,,,,,,,,,,,100,
Moon Taxi,38,,,,,,23,,,,51,15,,
Motel Radio,,,,,,,,,,,111,,,
Mothers,,,,,,,,,,,,,157,
Mr. Carmack,41,,,,,,,,,,,,103,
Mudcrutch,,,,,,,,,,3,,,,
Muddy Magnolias,,,,,,,64,,,,,,164,
Mumford & Sons,,,,,,,,,,,1,,,
Muna,,,,,,,,,,,,,106,
Mura Masa,,,,,,,,,,,,,,59
Murder By Death,,,,,,45,,,,,,,,
Mutemath,,,,,,,,,,,,,50,
My Morning Jacket,,,,16,,2,,,,,,,,
Mystikal,,,,53,,,,,,,,,,
Nahko and Medicine for the People,,,,,,,36,,,,,,,
Natalie Prass,,,82,,,,,,,,,,,
Nathaniel Rateliff & the Night Sweats,19,,36,46,,,,,23,,33,,36,28
Neil Young,,,,4,,,,,,,,,,
Nic Fanciulli,38,,,,,,,,,,,,,
Nick Jonas,,,,10,,,,,,,,,,
Nicole Moudaber & Skin,31,,,,,,,,,,,,,
Night Riots,,,,,,,,,,,55,,,84
Nina Kraviz,26,,,,,,,,,,,,,
Nina Las Vegas,54,,,,,,,,,,,,,
No Traffik,,,,,48,,,,,,,,,
Noah Gundersen,,,,,,47,,,51,,72,,,
Noe,,,,,,,,,,,,,,98
Nora En Pure,55,,,,,,,,,,,,,
Nosaj Thing,32,,,,,,,,,,,,,
Nothing,,61,,,,64,,,,,,31,151,
Nothing But Thieves,,,,,,,,,,,,,130,82
Oddisee,,,,,,,,,50,31,,,,
Odesza,,,,,,,,4,,,,,,
Of Monsters and Men,9,9,,,,,,,,7,14,,,
Oh Wonder,,,69,,,,,,31,,40,,83,42
Oliver Heldens,,,,,,,,,,,,,58,
Oscar,,,,,,,,,89,,,,,
Ought,,,,,,57,,,,,,,,
Palehound,,,,,,,,22,,,,,,
Panama Wedding,,,,,,,,,,,,,126,
Panic! at the Disco,,,,,,,10,,,,,,,
Papadosio,,,88,,,,,,,,,,,
Parov Stelar,28,,,,,,,,,,,,,
Parquet Courts,,,,,,36,,,,,,,,
Parson James,,,,,,,,,,,50,,,
Party Favor,,,,,,,,,,,,,120,
Passenger,,,,,,,,,,,,,,14
Paul Kalkbrenner,,,,,,,,,,,,,,19
Paul Simon,,,,6,,,,,,,,,,
Pearl Jam,,,1,2,,,,,,,,,,
Pell,,,,,,,61,,,,49,,,
Pepper,,,,,,,41,,,,43,,,
Pete Yorn,22,,,,,,,,,,,,,
Phases,56,,,,,,56,,,,,,,
Phosphorescent,,,,,,21,,,,,,17,,
Piff The Magic Dragon,,,43,,,,,,,,,,,
Pinegrove,,,,,,,,,,,,,148,
Polly A.,,,,,,,,,,,,,166,
Polyenso,,,,,,71,,,,,,,,
Porter Robinson,,,,,,,,,,,21,,,
Portugal. The Man,,,,,,,22,,,,,,,
Post Malone,,,65,,,,,,,,,,,49
Potty Mouth,,,,,,,,,,,,,165,
Powers,,,,,,,69,,,,84,,,
PRAYERS,40,,,,,,,,,,,,,
Preservation Hall Jazz Band,,,,34,,,,,,,,,,
Professor & The Jet Sets,,,,,49,,,,,,,,,
Protoje,43,,,,,,,,,,,,,
Protomartyr,,,,,,,,,63,,,,,
Public Access TV,,59,,,,,,,,,,,,
Punch Brothers,,,,49,,,,,,,,,,
Purity Ring,11,23,24,,,,,,11,,,,,
Pvris,,,,,,,,,,32,62,,131,
Quilt,,,,,,,,,,,81,,,
Race Banyon,,,,,,,,,,,,,162,
Radiohead,,,,,,,,,,,,,1,3
Rae Sremmurd,12,,,,,,,,,,,,,
Rancid,7,,,,,,,,,,,,,
Raury,,,,,,,42,,55,,,,,
Rayland Baxter,,,89,,,,,,,,,,,
Rebirth Brass Band,,,,71,,,,,,,,,,
Red Hot Chili Peppers,,,,3,,,,,,,,,2,1
Red Wanting Blue,,,,,,,,,,23,,,,
Rhiannon Giddens,,,,42,,,,,,,,,,
Rhye,21,,,,,,,,,,,,,
Ria Mae,,,,,40,,,,,,,,,
Rick Springfield,,,,,19,,,,,,,,,
RL Grime,14,,41,,,,,,,,,,,
Robert DeLong,24,,,,,,,,,,38,,,
Robyn,,5,,,,,,3,,,,,,
Rococode,,,,,,,,,,,104,,,
Roman Gianarthur,,,100,,,,,,,,,,,
Rudimental,,,,,,,,,24,,,,,
RUFUS DU SOL,28,,,,,,,,,,46,,95,64
Ruler,,,,,,,,,98,,,,,
Run The Jewels,12,,,,,,18,,,,,,,
Ryan Adams,,,,,,,,,,,,3,,
Saba,,,,,,,,,,,,,143,
Saint Asonia,,,,,32,,,,,,,,,
Saint Motel,,,59,,,,,,45,,36,,81,
Saintseneca,,,,,,53,,,,,,34,,
Salt N Pepa,,,,,21,,,,,,,,,
Sam Bush Band,,,57,,,,,,,,,,,
Sam Feldt,41,,,,,,,,,,,,,
Sam Hunt,,,27,,,,,,,,,,,
Sam James,,,,,,,,,,,99,,,
Sara Watkins,,,91,,,,,,,,,,,
Sasha,35,,,,,,,,,,,,,
Savages,17,,,,,25,,,36,,,,,
Scott Bradlee's Postmodern Jukebox,,,,,20,,,,,,,,,
Secret Weapons,,,,,39,,,,,,,,154,
Seven Lions,,,,,,,,,,,,,67,
SG Lewis,51,,,,,,,,,,,,,
Shakey Graves,,,,,,22,,,,,,18,,
Shamir,35,,66,,,,,,56,,,,,
Shannon & The Clams,,,,,,,,,67,,,,,
Sharon Jones & The Dap-Kings,,,,47,,,,,,,,,,
Sheer Mag,52,,,,,,,,,,,,,
Shovels & Rope,,,,,23,,,,,,,,,
Sia,2,,,,,,,1,,,,,,
Sigala,,,,,,,,,,,60,,,
Silversun Pickups,16,,,,,13,26,,,,,,48,23
Sir The Baptist,,,,,,,,,88,,,,142,
Skate Maloley,,,,,,,,,,,,,156,
Skepta,40,,,,,,,,,,,,101,48
Slaptop,,,,,,,,,,,83,,,
Slightly Stoopid,,,,,9,,,,,,,,,
Slowdive,,,,,,20,,,,,,,,
Slumberjack,,,,,,,,,,,,,113,
Smino,,,,,,,,,,,,,147,
Snails,27,,,,,,43,,,,,,69,
Snakehips,23,,,,,,,,,,,,89,57
Snarky Puppy,,,,62,,,,,,,,,,
Snoop Dogg,,,,5,,,,,,,,,,
Soak,,,,,,,,,69,,,,,
Somo,,,,,,,,,,,,,111,
Son Little,,,,,,54,,,66,,71,,,
Sonreal,,,,,,,,,,,,,,72
Sons of Mystro,,,,,50,,,,,,,,,
SOPHIE,42,,,,,,,,,,,,,
Soul Clap,45,,,,,,,,,,,,,
Speaker of the House,,,,,,,68,,,,,,,
Speedy Ortiz,,,,,,,,,65,,,24,,
St. Germain,16,,,,,,,,,,,,,
St. Lucia,,,52,,,,,,,,30,,53,41
St. Paul & The Broken Bones,,,,,,17,,,,,,,,
Steely Dan,,,,7,,,,,,,,,,
Steep Canyon Rangers,,,74,,,,,,,,,,,
Steve Aoki,,,,,6,,,,,,,,,
Steve Gunn,,,73,,,,,,,,,32,,
Stevie Wonder,,,,1,,,,,,,,,,
Stick Figure,,,,,,,44,,,,,,,
Strand Of Oaks,,,,,,48,,,,,,,,
Strangers You Know,54,,,,,,72,,,,100,,,
Sufjan Stevens,3,,,,,,,5,7,,,,,
Summer Cannibals,,,,,,,,,85,,,,,
Sun Club,,,,,,,,,,,92,,,
Sunflower Bean,,,,,,,,,,,,,152,
Swim Deep,,,,,,,,,,,74,,,
Sylvan Esso,,,,,,,,,,,,14,,
Synapson,,,,,,,,,,,,,,81
SZA,39,,,,,,,,,,,,,
Tab Benoit,,,,67,,,,,,,,,,
Tacocat,,,,,,,,,75,,,,,
Taj Mahal Trio,,,,50,,,,,,,,,,
Tamaryn,,,,,,,,,68,,,,,
Tame Impala,,,7,,,,,,,,9,,,
Tangerine,,,,,,,,,99,,,,,
Tchami,25,,,,,,,,,,28,,61,
Tears For Fears,,,,,,,,,,4,,,,
Tedeschi Trucks Band,,,,26,,,,,,,,,,
Teen Men,,,,,,,,,,,103,,,
Tei Shi,43,,,,,,,,,,,,,
Telekinesis,,,,,,,,,59,,,,,
Tennyson,,,,,,,,,,,,,145,86
Tensnake,35,,,,,,,,,,,,,
Terence Blanchard,,,,60,,,,,,,,,,
The 1975,6,,,,,5,,,,,13,,13,
The Arcs,13,,,,,,,,,,,,40,21
The Avett Brothers,,,,,,,,,,,,1,,
The Babys,,,,,29,,,,,,,,,
The Barr Brothers,,,,,,,,,,,,,,32
The Black Angels,,,,,,24,,,,,,,,
The Black Madonna,52,,,,,,,,,,,,,
The Bright Light Social Hour,,,,,34,,,,,,,,,
The Cat Empire,,,,,,,,,,,,,,27
The Chainsmokers,15,,17,,,,12,,,,,,,
The Claypool Lennon Delirium,,,25,,,,,,,,,,,
The Cure,,,,,,,,,1,,,,,
The Damned,23,,,,,,,,,,,,,
The Dead Ships,57,,,,,,,,,,,,,
The Dear Hunter,,,,,,43,,,,20,,,,
The Decemberists,,,,,,8,,,,,,,,
The Dip,,,,,,,,,96,,,,,
The Dirty Dishes,,,,,,,,,,,106,,,
The Floozies,,,61,,,,,,,,,,,
The Front Bottoms,39,,,,,40,,12,,,,,73,
The Greeting Committee,,,,,,,,,,,,,170,
The Griswolds,,,,,,,51,,,,,,,
The Head and The Heart,,,,,,10,,,,,,,,
The Heavy,42,,,,,,,,,,,,,
The Heydaze,,,,,,,,,,,82,,,
The Hip Abudction,,,,,,70,,,,,,,,
The Internet,,,76,,,,,,27,,,,,
The Isley Brothers,,,,35,,,,,,,,,,
The Japanese House,,,,,,75,,,,,,,,
The Joy Formidable,,,,,26,,,,,,,,76,
The Killers,,3,,,,,,,,1,,,,
The Kills,7,,,,,15,,,,,,,,
The Knocks,,49,92,,,,,,,,,,,
The Last Shadow Puppets,18,,,,,,,,,,,,30,17
The Lone Bellow,,,,54,,,,,,,,,,
The Lonely Biscuits,,,,,,,,,,,75,,,
The Lumineers,,,,,,,,,,,,,,5
The Mowglis,,,,,,,,,,19,,,,
The Neighbourhood,,,,,,,21,,,11,18,,,
The Noisey Freaks,,,,,,,,,,,,,144,
The Oh Hellos,,,75,,,,,,,,,,,
The Orwells,,,,,,46,,,,,,,,
The Paper Kites,,,,,,,,,,,,,,51
The Range,,,,,,,,,,,,,,83
The Revivalists,,,,64,,,53,,,,,,,
The Roots,,,,,13,,,,,,,,,
The Royal Concept,,,,,,,60,,,,,,,
The Shelters,,,,,,74,,,,36,101,,,
The Soul Rebels,,,,65,,,,,,,,,,
The Staves,,,,,,,,,,,39,,,
The Strokes,,2,,,,,,,,,,,,
The Strumbellas,,,,,,,,,,,,,121,54
The Struts,,,,,,38,38,,,,41,,78,69
The Suffers,,,,,,,,,,,,29,,
The Sword,,,,,,29,,,,,,,,
The Twilight Sad,,,,,,,,,64,,,,,
The Underachievers,,,,,,,,,,,,,,55
The Vaccines,,,,,,44,,15,,,,,,
The Vandals,38,,,,,,,,,,,,,
The Weeknd,,,,,,,1,,,,,,,
The White Panda,,,,,,,,,,,42,,,
The Wombats,,,,,,,,,,18,37,,,73
The Wood Brothers,,,58,,,,,,,,,,,
Third Eye Blind,,,46,,,,,,,,,,64,
Thomas Jack,30,27,,,,,31,,,,,,,
Thundercat,,48,,,,,,,,,,,,
Thunderpussy,,,,,,,,,92,,,,,
Titus Andronicus,,,,,,,,,58,,,,,
Todd Terje,,,,,,,,,34,,,,,30
TOKiMONSTA,26,,,,,,,,,,,,,
Tor Miller,,65,,,,,,,,,,,140,
Tori Lynn,,,,,51,,,,,,,,,
Torres,,50,,,,,,,,,,,,
Tory Lanez,,,,,,,,,,,,,63,38
Totem,,,,,,,,,,,,,159,
Touchpants,,,34,,,,,,,,,,,
Tourist,,,,,,,46,,,,,,,
Towkio,,,,,,,,,,,,,87,
Train,,,,,4,,,,,,,,,
Transviolet,,66,,,,,,,,,85,,,
Trey Libra FKA Jacob Izrael,,,,,52,,,,,,,,,
Trombone Shorty,,,,11,,,,,,,26,,,
Twin Limb,,,,,,72,,,,,109,,,
Twin Peaks,,,80,,,,,,,,,,,
Two Door Cinema Club,,12,26,,,,,,,,16,,16,
Ty Segall,,,,,,,,,35,,,,,
Tycho,,,,,,,,,21,,,,,
Tyler The Creator,,,30,,,,,,,,,,,
Umphrey's McGee,,,,,,,,,,10,,,,
Underworld,6,,,,,,,,,,,,,
Unified Highway,,,,,,,,,,,,,153,
Unknown Mortal Orchestra,20,,,,,41,,18,32,,,,,
Van Morrison,,,,9,,,,,,,,,,
Vanic,31,,,,,,,,,,57,,,
VHS Collection,,,,,,,,,,,,,141,
Vic Mensa,,39,,,,,,,48,,,,37,
Vince Staples,24,34,45,,,,40,16,42,,25,,52,43
Volbeat,13,,,,,,,,,,,,,
Vulfpeck,,,90,,,,,,,,,,,
Wailers,,,,,,,34,,,,,,,
Walk The Moon,,,,,12,7,13,,,,,5,,15
Washed Out,,,,,,,,,,,,19,,
Watch The Duck,,,,,31,,,,,,,,,
Wavves,,,,,,,,,,,,,88,
Waxahatchee,,,93,,,,,,,,,,,
WD-Han,,,,,53,,,,,,,,,
Ween,,,12,,,,,,,,,,,
Wet,,,,,,,,,52,,44,,,
Whilk & Misky,,63,95,,,,,,,28,73,,,
White Denim,,,,,,,,,,,,22,,
White Lung,,,,,,,,,,,,,,70
Wild Child,,,,,,,,,,,,30,127,
Wild Nothing,,,,,,39,,,,,,,,
William Bolton,,,,,,,,,,,96,,,
Wimps,,,,,,,,,93,,,,,
Wolf Alice,21,,,,,35,,,41,,,,79,
Wolf Parade,,,,,,,,,,,,,,26
X Ambassadors,,,42,,,,27,,22,12,,,72,
Years & Years,30,33,,,,,,,,,,,56,36
Yeasayer,,,,,,,,,14,,,,65,
Yellow Claw,,,,,,,,,,,,,46,
Yo La Tengo,,,,,,,,,28,,,,,
Young Fathers,41,,,,,,,,,,,,,
Young The Giant,,,,,,9,,,,,,,,
Zedd,4,,,,,,,,,,,,,
Zeds Dead,,,29,,,,,,,,,,,
Zella Day,45,,,,,,,,,,,,,
ZHU,18,,,,,,,,,,,,39,
ZZ Top,,,,,10,,,,,,,,,